repo,bfc_commit_sha,bic_commit_sha
sraoss/pg_ivm,48ddc99f44245caa1f088b3ad755a4ce24bf5fd4,edde972624b7a
nyanmisaka/ffmpeg-rockchip,260d7d5a6c18d3ae97ef9245597986299a0df49e,f2b79c5b855b7450c8f3c15b9ec11b439cd2a294
nyanmisaka/ffmpeg-rockchip,c822d70c3d2d59da986daa1dcbc9f9d1e3566ece,223d2bde22ce33dcbcb6f17f234b609cb98f1fb6
nyanmisaka/ffmpeg-rockchip,42a41c3956975a4404d0c48bedd51f144c90c08b,eea64ef4
nyanmisaka/ffmpeg-rockchip,3cd616a0c95853411f6ab23ce797f696dc38abe7,9b937958907daaddade139c36ce33c6eac269631
nyanmisaka/ffmpeg-rockchip,8aa60606fb64b8280627935b0df55d4d2aeca5d1,5d0b8b1ae307951310c7d9a8fa282fbca9b997cd
nyanmisaka/ffmpeg-rockchip,ab61b79b1c707a9ea0512238d837ea3e8b8395ed,a398f054fdb9b0f0b5a91c231fba6ce014143f71
nyanmisaka/ffmpeg-rockchip,453f8ea2423617ed6d027f1442500084ae11b432,f16180f44859587e0211170bd82b1bfd26f24b5a
nyanmisaka/ffmpeg-rockchip,db0af7250a276700a349766c5412eb48ec630f0a,0cd5e281df3f69c1ed8f2a72a5bcbf9691e1b5d5
nyanmisaka/ffmpeg-rockchip,26e70fd5ba50443fde738a606322d3fba0cc4985,ac4b32df71bd932838043a4838b86d11e169707f
nyanmisaka/ffmpeg-rockchip,39bb26f91b18a6fb6d2ccfb6464b8a87787587fe,c25d1ba
nyanmisaka/ffmpeg-rockchip,6f5b1a2ba4cc568b3b8ae11b7dfd4a70fb891680,2e8f3cbcda5
nyanmisaka/ffmpeg-rockchip,6d23d19729b2108459d6182b1a0afd0283aea1c6,30c3d976
nyanmisaka/ffmpeg-rockchip,1f3a1fa92110f5e6c02674122bba126feb049f26,15957b197a63d08c33c34f08ef8b161335736914
Wiznet/ioLibrary_Driver,eb5cb5acdc4bc86a2d18fafef24c7010e7953c0d,adf6d9c
