medusalix/xone,968afea0cf163d7836e108a28894673bbd5ed35c,87f538ca0c31f81ed333e7e898b6ed4d1cc03d9c
sraoss/pg_ivm,48ddc99f44245caa1f088b3ad755a4ce24bf5fd4,edde972624b7a
rebol/rebol,0f85501d212e03d189a31265028e00351f895607,8db79a9
rebol/rebol,e38f18ba82f273dcccfb52c638968fa0d71696b3,8db79a9
nyanmisaka/ffmpeg-rockchip,2eb7df1cbd30d7c104face1ac93bc32aba070d53,6ba0aa1770ba29eb4126c6a706f6b0cd3809648f
nyanmisaka/ffmpeg-rockchip,f296c765905ca110a05d77a7e919d992800d2e11,6ba0aa1770ba29eb4126c6a706f6b0cd3809648f
nyanmisaka/ffmpeg-rockchip,a92dbeb9ae520d39069381be528c5e8d4756da5f,69516ab3e917a6e91d26e38d04183c60fd71cbab
nyanmisaka/ffmpeg-rockchip,260d7d5a6c18d3ae97ef9245597986299a0df49e,f2b79c5b855b7450c8f3c15b9ec11b439cd2a294
nyanmisaka/ffmpeg-rockchip,4bff800dc9d238dee58049704768aa6c5c391ab2,e9a2a87773
nyanmisaka/ffmpeg-rockchip,c822d70c3d2d59da986daa1dcbc9f9d1e3566ece,223d2bde22ce33dcbcb6f17f234b609cb98f1fb6
nyanmisaka/ffmpeg-rockchip,44000b7744a0a3c425bc6d8d924b4efa866aad39,8bbf2dacbfb4ead1535dea411035994f507f517d
nyanmisaka/ffmpeg-rockchip,87e625c2633a83f62f155fcca33dab0a6e2bb5e6,a22c6a4796ca1f2cbee6784262515da876fbec22
nyanmisaka/ffmpeg-rockchip,712ee85816ef854761f30ea57ea628997bd62e60,a22c6a4796ca1f2cbee6784262515da876fbec22
nyanmisaka/ffmpeg-rockchip,42a41c3956975a4404d0c48bedd51f144c90c08b,eea64ef4
nyanmisaka/ffmpeg-rockchip,7273e234dee5dfeee67cc365a8f7fa0b8211127c,954e2b3d34b7c2d82871254f07e2f8a39bc451cb
nyanmisaka/ffmpeg-rockchip,3cd616a0c95853411f6ab23ce797f696dc38abe7,9b937958907daaddade139c36ce33c6eac269631
nyanmisaka/ffmpeg-rockchip,8aa60606fb64b8280627935b0df55d4d2aeca5d1,5d0b8b1ae307951310c7d9a8fa282fbca9b997cd
nyanmisaka/ffmpeg-rockchip,ab61b79b1c707a9ea0512238d837ea3e8b8395ed,a398f054fdb9b0f0b5a91c231fba6ce014143f71
nyanmisaka/ffmpeg-rockchip,453f8ea2423617ed6d027f1442500084ae11b432,f16180f44859587e0211170bd82b1bfd26f24b5a
nyanmisaka/ffmpeg-rockchip,db0af7250a276700a349766c5412eb48ec630f0a,0cd5e281df3f69c1ed8f2a72a5bcbf9691e1b5d5
nyanmisaka/ffmpeg-rockchip,c5566f0a944e376b39c8f994659060ca036c441d,48ac4532d437790e56b8ed5d0d467dc88685f035
nyanmisaka/ffmpeg-rockchip,eaf4ab9802d5ad82a707514cae165c6db9e7bfc8,631ac655c00e978e19d05dab572bc1ffd6078c63
nyanmisaka/ffmpeg-rockchip,7117547298b13d6f52a20d6a62a27dc0a1c3e263,d249e682
nyanmisaka/ffmpeg-rockchip,26e70fd5ba50443fde738a606322d3fba0cc4985,ac4b32df71bd932838043a4838b86d11e169707f
nyanmisaka/ffmpeg-rockchip,c8246d37664af9feb23edede944846687aea787a,322a1dda973e802db7b57f2007fad3efcd5bab81
nyanmisaka/ffmpeg-rockchip,565f786d1da1fea80fcea231550d5d0f174c009a,37a749012aaacc801fe860428417a6d7b81c103f
nyanmisaka/ffmpeg-rockchip,61ae993957f8ff7e12c5983a1b21d5ec1965b328,28243b0d35b47bbf9abbd454fc444a6e0a9e7b71
nyanmisaka/ffmpeg-rockchip,39bb26f91b18a6fb6d2ccfb6464b8a87787587fe,c25d1ba
nyanmisaka/ffmpeg-rockchip,7fff3df6b277d4f1ebc504e950c9de56cdc14ddd,799f57ac96f9891d1a0f7d6c4b218ed536e8aca5
nyanmisaka/ffmpeg-rockchip,1e276553886a7ca315a055c489fabe456e789e3f,3d3cf6745e2a5dc9c377244454c3186d75b177fa
nyanmisaka/ffmpeg-rockchip,6f5b1a2ba4cc568b3b8ae11b7dfd4a70fb891680,2e8f3cbcda5
nyanmisaka/ffmpeg-rockchip,a5a0dedf111d6fd4fc41c3e82287f434c8f6c4d3,7f9aaa4
nyanmisaka/ffmpeg-rockchip,3dea28cc2ef22861347918b6740c4c05c46a6614,babf4fe01a808327d53977ba319c113a930180b1
nyanmisaka/ffmpeg-rockchip,6d23d19729b2108459d6182b1a0afd0283aea1c6,30c3d976
nyanmisaka/ffmpeg-rockchip,1bf6cb85bebe639c836cdbb4498ea5bc252a7c21,603b8bc
nyanmisaka/ffmpeg-rockchip,1f3a1fa92110f5e6c02674122bba126feb049f26,15957b197a63d08c33c34f08ef8b161335736914
Wiznet/ioLibrary_Driver,eb5cb5acdc4bc86a2d18fafef24c7010e7953c0d,adf6d9c
